pickup_lat,pickup_lon,drop_lat,drop_lon,vehicle_type,order_time,day_of_week,weather,distance_km,delivery_time_min
28.621324734244187,77.23418108553392,28.8071588969591,77.28135416157426,car,06:45,Thursday,foggy,21.11,72.99
28.679671393776577,76.99495834255252,28.55606650655141,76.94146536944294,scooter,12:15,Thursday,clear,14.66,29.1
28.82871187724659,77.16874979892413,28.764904812051768,77.02542482768621,bike,21:30,Friday,clear,15.68,27.58
28.83759532787008,76.94427111430251,28.483176826505858,76.91925734397148,car,06:00,Tuesday,clear,39.36,95.23
28.479233482608443,77.24234338495836,28.66120901027474,77.19990649098061,scooter,14:15,Tuesday,rainy,20.59,53.11
28.45436937333391,77.25076678191905,28.544863569440906,76.85168778742063,bike,07:15,Friday,rainy,40.34,87.47
28.61806061289208,77.19699761611001,28.60491747996272,76.93116565308904,bike,16:45,Monday,clear,26.04,45.28
28.60521902227386,77.13495500844846,28.875551831986606,77.1441710739034,car,13:45,Monday,clear,29.97,73.89
28.615755767167208,76.85802709830786,28.48933926800938,77.29206237092866,bike,14:00,Tuesday,rainy,44.72,96.99
28.47737490166108,77.07375716988095,28.575022251499988,77.13169607515813,scooter,19:45,Friday,clear,12.22,25.31
28.62180068845148,77.29507050547814,28.42875440190926,77.23664733595044,scooter,13:30,Tuesday,rainy,22.15,58.34
28.82664782935874,76.95805904426656,28.531757214763516,77.3273273264341,car,19:45,Thursday,clear,48.69,119.38
28.849646451542238,77.22192936591011,28.408028651791486,76.95549267302731,scooter,13:30,Monday,clear,55.45,111.92
28.817473569848865,77.30836924831577,28.791513857665628,76.875647260562,car,22:00,Monday,rainy,42.34,130.28
28.864303195158715,76.99563935399154,28.425875132670814,77.0488555457736,bike,11:15,Thursday,clear,48.87,87.5
28.570227520673463,77.17779017289017,28.465562197788195,76.95888239204159,scooter,07:15,Sunday,clear,24.37,51.84
28.52030172878489,76.8673905383981,28.610527627878458,77.10697890170215,bike,15:45,Wednesday,rainy,25.49,57.72
28.567120470015492,76.85100657358734,28.715500786873324,76.92808953202046,bike,17:15,Monday,clear,18.09,32.57
28.61923758094985,77.1823554411856,28.69245414472557,77.32368771419777,scooter,18:00,Saturday,rainy,16.02,41.85
28.794378610443513,77.22455246964702,28.489437343406767,76.94641218622336,bike,22:30,Friday,rainy,43.38,93.48
28.410731305081228,76.99390578669156,28.683098830459617,77.23763512727032,scooter,09:45,Wednesday,rainy,38.47,100.42
28.52687475769099,77.20220962177491,28.40213350778241,76.85046196267018,scooter,22:00,Tuesday,clear,37.12,77.1
28.569523221015583,77.03544426880616,28.80876195093574,77.25577731133032,scooter,09:15,Tuesday,foggy,34.16,97.44
28.804584304763836,77.23744065028771,28.70918815156487,77.25194822815725,car,21:15,Thursday,foggy,10.67,36.16
28.615430788773565,77.20281356823081,28.58010120046487,77.02519542094029,bike,22:00,Wednesday,foggy,17.81,44.13
28.689794137731795,77.04285090730576,28.620676943658772,77.2155653290393,scooter,18:30,Wednesday,clear,18.54,42.35
28.699381532170495,77.33211983968002,28.764057185102754,77.20202073795048,bike,16:15,Monday,rainy,14.59,34.84
28.740852874981126,77.03550439018035,28.509441343279182,77.17057921674126,bike,06:45,Thursday,clear,28.85,49.92
28.596714644453986,77.21956848742215,28.758583961203676,77.02882760397544,car,09:30,Tuesday,rainy,25.87,78.35
28.40943854712247,77.11573017677019,28.5598319223588,77.01924345504852,car,19:00,Monday,rainy,19.16,60.61
28.56879911080613,77.03363761179129,28.770362039653566,77.06935192245396,bike,10:45,Friday,rainy,22.61,49.44
28.43626217009787,76.94427808724001,28.570295049361746,77.16980306697285,bike,11:45,Thursday,rainy,26.61,58.3
28.608079620234935,76.86295727470777,28.7668768261691,77.02804872826574,car,20:00,Tuesday,rainy,23.88,74.32
28.47534449306422,77.26922063536185,28.66758961885645,77.16392371411408,bike,18:15,Wednesday,foggy,23.67,58.09
28.54057621799883,76.96395241948042,28.807126464535255,76.89267937093248,scooter,16:30,Monday,clear,30.35,60.74
28.788005374064795,76.8985224394053,28.510400470845322,77.32548785836428,scooter,22:30,Saturday,clear,51.86,105.9
28.46392075617401,77.13599626507765,28.830432947456995,77.19083344325283,bike,07:30,Monday,foggy,40.97,101.01
28.82642193046132,77.30017971013606,28.826037636693247,77.05498998161617,scooter,16:00,Friday,foggy,23.93,69.29
28.70520111191936,77.18811137936643,28.482939698177194,77.09133504804214,scooter,14:30,Friday,foggy,26.39,76.04
28.738827375952436,76.9075125718036,28.879957219092386,77.2818926355605,scooter,20:45,Sunday,clear,39.75,81.64
28.463269662658252,76.99254557456202,28.568024169101637,76.93656934711228,car,10:00,Tuesday,foggy,12.84,44.81
28.684628929236947,76.95582240325243,28.610222820107296,77.0421812634968,scooter,19:15,Friday,foggy,11.8,35.91
28.857679200034337,77.08783221237928,28.67499648985339,77.13060494947177,bike,22:00,Thursday,rainy,20.67,45.02
28.42927551287289,77.01174315761531,28.483537069477872,77.05610466518101,car,18:45,Thursday,foggy,7.42,26.83
28.681623386185294,77.31112101867032,28.455977530769403,76.95413159596362,bike,22:15,Wednesday,clear,42.96,76.56
28.65355193435673,76.92255290701618,28.497293740297458,77.0592104093201,scooter,14:45,Wednesday,foggy,21.88,61.99
28.80528270104583,77.17919938732992,28.691411667286467,77.06371307371367,bike,14:15,Thursday,rainy,16.93,38.36
28.42738770545815,77.09334854542988,28.62101788390197,77.03671146376328,bike,21:45,Sunday,foggy,22.16,55.27
28.74491364625644,77.18814790402438,28.861515669076997,76.9293779532001,car,21:00,Monday,foggy,28.38,97.79
28.72761260122371,76.92876846230251,28.57780009580285,76.97690528079389,bike,21:00,Sunday,foggy,17.26,42.54
28.472155305197223,77.21231648896993,28.661284743820286,77.2019156567584,car,07:30,Thursday,clear,20.99,52.76
28.472348414582072,77.13361826965522,28.465922598404696,76.84680308897221,bike,11:15,Tuesday,foggy,28.1,68.76
28.794884879557685,76.98184493229952,28.425626560613455,77.32037398920585,scooter,11:45,Tuesday,clear,52.64,106.93
28.54162488372934,77.18769683117546,28.419342926175965,77.04016507842614,bike,10:30,Tuesday,rainy,19.81,43.72
28.592341466794096,77.11928980387303,28.79257051069506,77.23749507979235,scooter,19:15,Wednesday,clear,25.02,52.1
28.72552204095953,77.07354569402037,28.572832432653097,77.14564610332906,scooter,12:15,Monday,clear,18.33,39.04
28.41883921673838,77.22123743798488,28.416034919373377,76.98102040574224,bike,21:45,Sunday,rainy,23.54,52.47
28.42103173458783,76.97704799974251,28.708487421460863,76.86087465633432,car,08:15,Friday,clear,33.83,81.57
28.618315940966202,76.85518733581313,28.631741689216994,76.92380134888671,scooter,12:30,Sunday,clear,6.87,13.06
28.499774479529787,77.15451636743366,28.633228129352887,76.84374901296128,bike,17:45,Monday,clear,33.81,60.31
28.691360998728037,76.86523895439828,28.83693518409035,77.27143404895345,car,17:30,Saturday,foggy,42.82,145.92
28.46208586111524,77.160100262105,28.50390817920315,77.26700412316427,bike,22:45,Tuesday,clear,11.45,22.22
28.866009502464397,77.18533312005644,28.746097749456162,77.19637599067691,scooter,14:45,Monday,rainy,13.33,37.45
28.871073511640958,76.9557882399897,28.755223760810242,77.09139956905561,car,16:45,Tuesday,foggy,18.44,64.43
28.49172160333071,77.33860903212563,28.83827621330252,77.16570694897015,car,11:00,Sunday,clear,41.96,102.53
28.52754566133133,76.99495377464041,28.829060877599115,77.05234933200795,bike,09:15,Tuesday,clear,33.88,58.12
28.538368583377576,77.22800473577222,28.864490968687566,76.85274707174867,bike,21:15,Thursday,foggy,51.49,125.4
28.425308411264492,77.16480800417877,28.513599209469792,76.91726247978589,scooter,19:15,Sunday,clear,26.14,54.51
28.485386147714525,77.09551946464468,28.718231212661106,77.02156592750191,bike,16:15,Saturday,foggy,26.8,67.3
28.487815879924103,77.2605440846556,28.407645912540602,77.16370653773427,scooter,08:15,Sunday,clear,13.0,28.07
28.582201151944915,76.97377322782064,28.446274998889148,77.1582745698133,car,22:30,Thursday,clear,23.52,59.12
28.744352590242876,77.15775941882602,28.58918672650934,77.1614084691752,scooter,07:30,Thursday,rainy,17.2,45.13
28.747541027004583,77.13148605975651,28.49011053414872,77.33090141777129,car,20:45,Thursday,foggy,34.56,118.08
28.755893818426518,76.91231025317236,28.66887091186506,76.95527642716023,scooter,19:00,Saturday,rainy,10.52,28.82
28.77166401497729,77.19138749542145,28.806799030723326,77.06120342567843,car,06:45,Thursday,clear,13.29,35.36
28.69287683961756,76.93423080222637,28.841559395337846,77.08638520619263,car,12:15,Friday,rainy,22.19,68.68
28.43641417656934,77.09125877369735,28.413837763215998,77.17508200303362,scooter,19:30,Monday,clear,8.59,18.26
28.5699409092748,77.13100063926757,28.548215765129758,77.28475969708238,scooter,14:45,Saturday,clear,15.24,32.2
28.545032301955846,77.29398301066732,28.747656944017557,76.9085400236518,bike,06:00,Friday,clear,43.87,77.43
28.858206429257383,77.24750369814528,28.58127346315195,77.0332057097394,car,06:45,Saturday,clear,37.15,91.96
28.548280465798673,77.0537183034424,28.42870329023693,77.32835164837516,bike,16:15,Friday,rainy,29.98,66.17
28.815065881775027,77.32415752429546,28.565681618842262,77.0600974441639,car,20:30,Monday,rainy,37.81,115.02
28.761028520036323,76.9367075033833,28.875367297414765,76.91523790905684,bike,17:30,Tuesday,clear,12.84,23.55
28.510473958378903,77.12084691952911,28.812801298872024,77.20234253203768,car,21:15,Saturday,foggy,34.44,116.74
28.433341616453227,77.29926904965896,28.719973011573543,76.99062543628018,bike,18:45,Wednesday,rainy,43.83,93.49
28.695214501651353,77.16549229428935,28.432142263279133,76.99378308826668,car,16:00,Thursday,clear,33.65,82.48
28.601721902339428,77.17437343917865,28.83423365105874,77.26745258602664,bike,06:00,Monday,foggy,27.33,66.77
28.480431662625147,76.96821857688951,28.55620638462867,77.2949167119966,car,16:15,Saturday,foggy,33.06,114.14
28.41669261606576,76.89244054449323,28.646195246287938,76.99291966988747,bike,16:30,Friday,clear,27.27,48.53
28.790175999769865,77.23407664395623,28.713173379787747,76.9713872558208,car,19:15,Tuesday,foggy,27.04,94.9
28.53145240838774,77.22155421360748,28.85321592478099,77.20403050978224,scooter,17:45,Monday,clear,35.7,74.8
28.58635520588203,76.87613505548256,28.867301883854175,77.1833928629756,scooter,11:45,Thursday,rainy,43.25,111.67
28.716564165716157,77.14753587514609,28.697791615086686,76.88022404795652,bike,11:45,Saturday,clear,26.2,45.82
28.739232615599697,76.92219361524316,28.457162259836522,77.19347754665752,scooter,14:15,Saturday,rainy,41.0,105.27
28.760967029089084,76.8695289136918,28.559104731841877,77.21522812951773,bike,17:45,Tuesday,foggy,40.53,98.94
28.601167991762146,76.86654797734367,28.424478385242796,77.02143607142023,scooter,07:15,Saturday,foggy,24.77,70.56
28.739436200628653,77.1492573131359,28.515084280896296,76.9354450878327,bike,11:45,Tuesday,foggy,32.49,80.66
28.66690594501325,77.12221670762368,28.51906379003821,77.20244021839041,scooter,07:15,Saturday,clear,18.17,38.98
28.410947428309573,77.06122430052268,28.55575821267027,77.233981971495,scooter,10:00,Friday,foggy,23.32,65.56
28.77174336806502,77.12798251887435,28.499227402002166,76.96638656723802,scooter,18:15,Thursday,clear,34.09,69.19
28.787111865081098,76.87563470957741,28.50810077734498,77.18309694025957,scooter,17:15,Sunday,foggy,43.13,123.98
28.86240382849314,77.27483039485583,28.84135626748931,77.02565689915322,car,17:45,Thursday,clear,24.43,60.76
28.628294241992435,77.32204285492607,28.67015657944778,77.10567162636671,bike,22:15,Tuesday,rainy,21.66,49.94
28.87773558997531,77.23909258288722,28.451849578922477,77.18684842735584,scooter,07:30,Monday,rainy,47.48,121.94
28.676334180287434,76.97397602670252,28.668028033812238,77.07723686946912,bike,14:30,Wednesday,foggy,10.14,27.82
28.802203875383334,77.31095764203242,28.537519757842464,77.17092500580215,car,07:15,Wednesday,foggy,32.37,111.83
28.41103815151038,77.1716045577943,28.760098863292807,77.12508733933439,bike,18:15,Thursday,foggy,38.95,94.54
28.836979535434654,76.95816057137189,28.79131557633726,77.12728246859733,scooter,18:15,Sunday,foggy,17.27,49.51
28.593184345162644,77.27279768683108,28.544517991709384,77.18235781727127,bike,14:15,Saturday,rainy,10.36,24.6
28.440049227111018,77.26811255764028,28.65383749065096,77.33620927452517,scooter,21:15,Monday,rainy,24.61,62.46
28.752987970739504,77.02455186548896,28.500245617008705,76.99849645609527,car,13:45,Monday,clear,28.13,68.45
28.73611628529527,77.26615812141819,28.523598092224724,77.03189014614114,bike,09:45,Tuesday,clear,32.86,57.7
28.645628693701294,76.92004161230366,28.67655718325071,77.2346143905077,bike,15:15,Saturday,clear,30.94,53.95
28.853950431621474,77.07163108292879,28.401680921758146,77.19977757657837,scooter,13:30,Monday,rainy,51.67,128.57
28.741852378310913,77.27838259122268,28.536441492578543,77.05406863339118,scooter,21:00,Friday,clear,31.61,63.49
28.62962756389194,77.13683370293862,28.679196487211122,77.18983464428247,scooter,22:00,Friday,foggy,7.55,22.96
28.521999255484197,77.26008926692501,28.5051367237665,77.02395570820363,scooter,16:15,Tuesday,clear,23.19,49.35
28.696376042544866,77.13424183009894,28.602773630697797,77.15907524514274,bike,12:15,Saturday,clear,10.65,19.98
28.677634464042274,77.20005447598737,28.484791834503845,77.01235368356257,car,14:00,Monday,foggy,28.18,94.75
28.641991056597192,77.24613377154685,28.60189669832843,76.93623987080903,car,12:00,Wednesday,foggy,30.63,104.94
28.827042288700618,77.03958534610034,28.660747988676842,77.0893124595505,scooter,08:45,Wednesday,rainy,19.06,48.29
28.86684480634683,77.0008408717673,28.68991306097575,76.95464154427366,bike,08:45,Friday,foggy,20.12,50.2
28.65926627329447,76.93626561617417,28.42648977769683,76.97981322696765,car,14:45,Saturday,foggy,26.15,90.55
28.70470604691094,76.89702668177931,28.77840520706534,76.9484233269151,car,12:30,Wednesday,rainy,9.59,30.12
28.52956667639017,77.04914592767823,28.854229143342334,76.9694930431031,bike,15:30,Tuesday,clear,36.81,63.73
28.726793639343096,76.96737913422373,28.739265371384526,77.00306017579751,bike,10:15,Tuesday,clear,3.75,9.81
28.513212952442643,76.86874440494962,28.431073862973065,76.99405746265934,car,18:00,Tuesday,foggy,15.28,53.5
28.69014440748814,76.934464192769,28.439456997883678,77.31616891534613,bike,08:45,Saturday,foggy,46.55,113.78
28.771652831709048,77.06274479143902,28.585628897907455,77.02756719799245,car,22:15,Thursday,rainy,20.9,64.2
28.491483511199476,77.03797034443912,28.7323220669511,77.08873766216641,scooter,21:15,Saturday,foggy,27.15,76.47
28.727252014590157,76.94490376919124,28.839742199977735,77.30955087431707,bike,14:15,Sunday,rainy,37.72,82.12
28.581177048356565,77.13471362602947,28.426826319230642,77.0319836658461,car,10:00,Wednesday,foggy,19.84,70.67
28.609324617333588,77.03285320355829,28.531686875693648,77.26712453038901,scooter,10:30,Wednesday,foggy,24.48,70.78
28.790852987212855,77.0918420526531,28.54820847866789,77.00869563353673,bike,11:00,Tuesday,rainy,28.09,62.65
28.425040509705713,77.25723419316351,28.861233293772912,76.93936346387103,scooter,08:45,Saturday,clear,57.47,116.48
28.580091477299494,76.84178668661133,28.73555308281861,77.08578504336246,scooter,09:15,Tuesday,foggy,29.42,83.98
28.573911061427225,76.84063712333845,28.800186994072423,77.14441075176293,scooter,13:45,Sunday,foggy,38.86,110.42
28.497196112785073,77.29816670322691,28.770821651298984,77.05736652292046,car,21:45,Monday,foggy,38.39,131.01
28.594947578959097,76.85247376287204,28.6058396426799,77.24158138249103,car,08:45,Saturday,foggy,38.08,129.25
28.487732736406652,76.94261092497113,28.659604797778783,76.9423485402853,scooter,08:00,Sunday,foggy,19.05,55.06
28.530503546997522,77.07113638377798,28.543853202243955,76.92307054059837,scooter,08:45,Sunday,clear,14.57,30.95
28.658306842688283,77.27853778975141,28.783752639386154,77.12969367091463,scooter,07:45,Monday,clear,20.12,41.95
28.504354735899046,77.26211536122472,28.441081093485522,76.98293467949077,car,10:00,Friday,foggy,28.22,95.46
28.581609129024017,77.27822196081148,28.555631441508304,77.13306370823531,car,13:30,Tuesday,clear,14.49,35.9
28.63822247466528,76.89849032056078,28.868613445742632,77.12210496720984,car,22:15,Saturday,foggy,33.6,115.1
28.677605712757746,77.19498236656182,28.847770631925272,76.96335580302532,car,09:45,Thursday,clear,29.45,73.66
28.637468270185856,77.33339282501544,28.852690456103716,77.05461603797475,car,09:15,Wednesday,foggy,36.2,124.88
28.74361317486742,77.01153721518281,28.827471166128905,77.03046043708537,car,15:45,Friday,foggy,9.48,35.06
28.682562442918798,77.19003775866285,28.436843966692003,76.95585916659142,car,15:30,Sunday,clear,35.59,90.63
28.462626665364276,77.12419706942102,28.869804250821016,77.14146961057628,scooter,10:00,Wednesday,clear,45.16,92.91
28.558965434356228,77.31982638326164,28.780593291995228,77.17935880133733,scooter,21:45,Saturday,foggy,28.14,80.48
28.596699909786192,77.0756284047698,28.562595157844218,77.00129419486964,scooter,19:15,Monday,clear,8.2,18.38
28.525867636887117,77.03863741731251,28.445904326396622,77.18097607280485,scooter,20:15,Friday,clear,16.52,34.34
28.6373987960184,76.91324384234807,28.672477940346013,77.1021199050241,scooter,16:00,Friday,clear,18.87,42.17
28.62340114439103,77.02822723780737,28.51146945975602,76.99462438229303,bike,06:45,Tuesday,rainy,12.83,31.3
28.75786605935985,77.22811860629315,28.761924371441328,77.21253599067454,car,10:30,Monday,rainy,1.59,6.96
28.435645110553203,77.19418110128612,28.549096396181746,77.10379130273994,car,08:45,Saturday,rainy,15.38,48.08
28.68101306340578,76.89758986074038,28.590596474845228,76.96270747794382,scooter,13:00,Thursday,clear,11.87,26.13
28.74985082258798,77.22764083634486,28.400330309772094,77.19197683293145,car,17:45,Saturday,clear,38.89,96.89
28.81549392862615,77.16478060199867,28.454122132128877,77.30469095912167,bike,09:00,Tuesday,foggy,42.32,103.98
28.795390329623864,77.20392693029144,28.866491710851857,77.20906312182598,scooter,18:00,Friday,clear,7.9,18.81
28.580702464740895,76.89631025904957,28.63677033719484,77.06216790910351,car,12:00,Tuesday,clear,17.37,43.49
28.404223106838163,77.00530734063571,28.642634031068233,77.2965197011348,car,18:45,Thursday,rainy,38.87,119.46
28.474886547254904,77.08825029715939,28.617353768408268,76.94209793294593,bike,19:00,Sunday,rainy,21.3,48.41
28.678404193005537,77.0924019062653,28.855020927888052,76.95254589857154,bike,18:00,Saturday,rainy,23.87,51.61
28.875403264548947,76.98912134507276,28.763466729233397,77.22835391543276,bike,11:15,Tuesday,rainy,26.44,58.43
28.40108056587406,76.9712344959703,28.65606247536365,77.3362836690575,car,14:30,Monday,rainy,45.55,138.92
28.780162500368462,76.97775764328567,28.737200286386884,77.0239052926394,scooter,19:00,Tuesday,clear,6.56,15.52
28.57374240886952,76.94194105645938,28.805225957327867,77.23342841229372,car,14:00,Monday,rainy,38.34,116.1
28.661993373584664,76.98296968292134,28.756452886417243,77.22719664419388,car,18:45,Friday,foggy,26.06,88.74
28.593463470412058,77.24398092710956,28.751463296295373,77.29990394777695,bike,17:30,Saturday,clear,18.34,34.74
28.745952855989334,77.08415483382855,28.535397396108298,77.11527418497488,car,16:00,Wednesday,clear,23.53,55.98
28.702711072282007,77.12402412197987,28.735247826114477,76.90397064658785,scooter,22:30,Saturday,foggy,21.8,63.77
28.73816019547344,76.85124606699804,28.681372684298747,77.19910568750693,car,20:45,Monday,rainy,34.57,104.6
28.513228820318638,77.18108130548433,28.44162293622076,76.94219328176719,car,07:00,Tuesday,rainy,24.7,74.96
28.683159485801006,77.3302427752485,28.796364526060547,76.84755436847522,scooter,06:30,Friday,rainy,48.79,123.29
28.448259254011884,76.85665518750561,28.8488607398302,77.05911073893998,scooter,16:00,Tuesday,foggy,48.61,138.96
28.678062107178558,77.26182830920096,28.56898112444881,77.1366417803391,bike,13:30,Saturday,foggy,17.21,44.52
28.404977454300756,77.09280870434776,28.58627815243658,77.1123144764922,scooter,13:15,Tuesday,rainy,20.18,52.38
28.857070613153223,77.12417594210643,28.785512712528927,76.9236791157446,scooter,08:00,Monday,clear,21.12,43.76
28.621202317364695,77.107065547288,28.683498393170044,77.08683233137369,scooter,08:30,Saturday,rainy,7.18,20.47
28.6901275920433,77.18680067483996,28.570261089120006,77.0330792145805,scooter,09:30,Friday,foggy,20.06,57.63
28.62176491668386,77.25026147798651,28.426875296877302,77.15928116899407,bike,13:45,Tuesday,foggy,23.36,56.63
28.612200349047857,77.02867224405875,28.77130339448939,77.2683076426333,car,07:00,Thursday,foggy,29.32,98.55
28.676377031650993,77.06092879482433,28.879456342609533,77.28880311883758,car,10:45,Friday,rainy,31.65,97.13
28.87697350764481,77.24734195650161,28.551609597261066,76.84736073751722,bike,12:30,Friday,foggy,53.18,127.96
28.470262745887663,77.05859080779605,28.41303690006083,76.84494880230008,scooter,14:00,Friday,foggy,21.87,64.13
28.5531869261496,76.86361083443948,28.854869201278515,77.270723829777,car,06:45,Sunday,rainy,51.97,159.55
28.70650547789807,76.89222959187326,28.86142035466034,77.00692222273732,bike,16:15,Saturday,clear,20.5,36.92
28.807763842983874,77.26301909465181,28.652374888445255,77.09597841547169,scooter,22:45,Monday,foggy,23.73,68.48
28.775426940151696,77.18838548138976,28.87726892485392,77.01024445717998,bike,11:45,Tuesday,rainy,20.73,45.87
28.814513273567336,77.16032136223433,28.685440503730703,77.13478577410329,bike,08:15,Wednesday,foggy,14.52,37.06
28.621554031697496,76.97927992535062,28.6765650957808,77.08405824168885,scooter,07:30,Friday,rainy,11.92,30.95
28.483675559685434,77.25621206280968,28.813259418314907,77.15887356068062,car,16:15,Wednesday,foggy,37.75,127.19
28.414353763409384,76.99311873468596,28.59953525146365,77.12911256791239,scooter,08:30,Saturday,clear,24.46,51.3
28.526529094683728,77.33190487798522,28.57784614553966,76.91473399118911,scooter,06:00,Thursday,foggy,41.22,116.57
28.61597826340293,77.02004436194002,28.652377364630187,76.9606053015501,bike,08:45,Thursday,clear,7.07,13.31
28.43874604006244,77.1986644184549,28.830949850185267,76.96627144347617,car,09:00,Wednesday,rainy,49.05,148.3
28.57068308747529,77.1989400346596,28.628611757740476,76.93301401388119,bike,07:30,Friday,foggy,26.79,69.59
28.613250630347423,77.14780062026323,28.630598647282334,76.94403069286872,scooter,08:00,Friday,foggy,20.02,56.42
28.83579175130163,77.2616698991315,28.60518874493492,76.96557542783637,car,17:15,Friday,foggy,38.6,130.77
28.809684231257116,77.02890619552547,28.798795940952438,77.2430086139828,bike,10:15,Wednesday,foggy,20.94,55.05
28.82269515953357,77.23712330729485,28.41600558761313,77.20726989868824,bike,17:45,Friday,foggy,45.17,111.13
28.6548685633066,76.87614604914106,28.403395487723916,76.85676781992096,car,11:30,Friday,foggy,27.93,96.69
28.833883742410976,77.24090757431222,28.414861409200054,77.12354767393573,car,17:45,Monday,rainy,47.84,145.29
28.63655526016364,76.90533021518061,28.823124042401215,76.8805126916973,scooter,16:30,Wednesday,foggy,20.82,60.51
28.84995526887792,77.04980408865298,28.755602719094814,77.26196507615504,scooter,09:00,Monday,clear,23.2,47.63
28.84161597973647,77.01101985140158,28.73813473245992,77.16347786566529,scooter,15:15,Sunday,foggy,18.79,53.61
28.729522134638085,77.25683593295123,28.674824370311516,76.9166397453069,car,13:45,Tuesday,clear,33.79,83.38
28.865011524488583,77.09358813170121,28.810071082543647,77.23554582084013,scooter,20:15,Monday,clear,15.13,31.41
28.854873286588678,77.33575529925342,28.79060824036518,77.250345770674,car,13:45,Sunday,clear,10.96,26.22
28.714945766934346,76.9566411229976,28.810084347895078,77.21257438873579,bike,11:45,Sunday,foggy,27.13,65.12
28.5359507126454,77.2123081001416,28.550050944138814,76.94530866565,car,22:30,Monday,rainy,26.18,80.15
28.597746859938255,77.31099009472707,28.831613835725786,76.93936818391164,bike,20:30,Tuesday,foggy,44.61,108.56
28.814719041501633,76.96335424411933,28.68104906538777,76.90676533763894,bike,19:15,Sunday,clear,15.81,29.82
28.54319831695323,77.16519035755641,28.534439567854655,77.1655406187316,car,16:15,Wednesday,foggy,0.97,5.0
28.744608464125296,77.020665758285,28.841144247035277,77.16695148831592,scooter,09:30,Sunday,rainy,17.85,46.12
28.618095917917465,77.16830082059965,28.6224037136586,77.01995084015135,bike,12:45,Thursday,clear,14.52,24.71
28.515561244832565,77.08179544125035,28.763717248111465,77.17640210511128,bike,16:30,Tuesday,clear,29.02,49.4
28.582917022246146,76.98044737147396,28.591913328388387,76.88669819908442,car,13:30,Monday,rainy,9.22,30.79
28.824555270988114,77.0167986759539,28.544322641812872,77.10065006604378,car,10:00,Saturday,foggy,32.12,109.94
28.548385220872976,77.0425914023431,28.798180394836013,76.99573589942989,car,22:15,Wednesday,foggy,28.06,97.02
28.874122170880128,77.22984948422261,28.754223763098885,76.97748146200912,car,22:45,Sunday,rainy,27.99,87.34
28.697791139502872,77.09967538761677,28.71015275506189,76.99406291290089,bike,16:00,Tuesday,foggy,10.41,27.23
28.798673873741162,76.87473197818306,28.54152938681288,77.01895426440028,bike,20:00,Wednesday,clear,31.8,57.01
28.70919247376294,77.13498939208097,28.714328225282777,77.15440932534104,bike,17:45,Tuesday,foggy,1.98,6.44
28.439758389874193,77.3105129721689,28.420710425347213,77.17990640680564,bike,14:00,Tuesday,clear,12.97,24.72
28.42109508110556,76.89239193980059,28.612095489506338,77.08588347477088,scooter,11:30,Thursday,foggy,28.4,81.8
28.613705043859913,76.98254370824505,28.61869638573943,76.9831449137921,car,21:45,Wednesday,clear,0.56,5.0
28.75109925525359,77.30603699334436,28.465215303566676,77.30186765646107,car,19:45,Saturday,foggy,31.69,106.89
28.84153703905514,77.17039627639463,28.529084336531312,76.94697764178127,bike,16:15,Saturday,rainy,40.94,90.2
28.461737060565497,77.17849648073366,28.465320413007444,77.18355821679337,car,12:30,Thursday,clear,0.64,5.0
28.77298627700976,76.8828899878185,28.404196783103068,77.16319150127204,car,13:00,Saturday,foggy,49.22,166.79
28.605637144078813,77.00085739335704,28.556510586734078,77.06492351243925,scooter,14:30,Sunday,clear,8.3,19.84
28.513623432987412,77.03406235288418,28.506752655935706,76.92607078564515,bike,18:00,Friday,rainy,10.6,25.68
28.40119772395168,76.90022748282081,28.537472484980675,76.90583812360141,scooter,08:30,Monday,rainy,15.11,39.12
28.74729972643182,77.22709948807572,28.63906883391195,76.97149028874428,scooter,11:30,Saturday,clear,27.71,58.23
28.561957443081447,77.33986534401787,28.510028553298127,77.07296594847298,bike,19:00,Tuesday,clear,26.75,47.28
28.71116510922315,76.91264359840358,28.73992114835864,76.92111360970166,scooter,21:45,Sunday,rainy,3.29,8.5
28.76499477460494,77.12065682638176,28.855493008097344,77.11089397411051,scooter,21:15,Monday,clear,10.08,22.58
28.650685670673877,77.31703594431181,28.58430973430495,77.20313034379835,car,18:30,Wednesday,foggy,13.35,48.26
28.51144202871817,77.10049237766432,28.771527561451823,77.25366440737092,car,09:45,Monday,rainy,32.48,96.58
28.765637150192966,77.04121046687399,28.474255006696783,77.09340228761091,bike,08:15,Monday,clear,32.69,57.65
28.776386831760444,76.86117226472048,28.870174268291116,76.89628355139317,scooter,07:30,Monday,rainy,10.95,29.81
28.68211993708788,77.20165615802156,28.86000980574803,76.88875946022935,car,07:45,Monday,clear,36.36,88.68
28.59732197489675,77.08446737926998,28.55791147183681,76.88228136554449,bike,11:00,Thursday,clear,20.26,36.15
28.857223724068216,77.09334108308049,28.73546516395249,77.15801783468159,car,09:00,Friday,rainy,14.9,46.5
28.744586691855435,77.18310168443072,28.732167243722806,77.02196419211982,scooter,06:15,Tuesday,clear,15.8,32.56
28.561056175221825,77.03088503324035,28.525690304207416,77.13728124425776,bike,20:30,Wednesday,rainy,11.13,24.88
28.818126389093358,77.16620604136983,28.52676011834175,76.92129728422424,bike,10:15,Thursday,foggy,40.2,99.25
28.622032304566346,76.86487540739111,28.85574813650955,76.91544380763027,scooter,11:45,Sunday,rainy,26.37,67.54
28.63093710403165,76.95605059746485,28.683949722317053,77.08613771050891,bike,06:45,Friday,clear,14.01,26.86
28.558313562704463,77.22797451795381,28.7245925148624,76.86100165926037,bike,18:00,Wednesday,foggy,40.34,98.14
28.5761280613361,77.28793142688389,28.834418038426545,77.09658837091719,car,19:30,Friday,foggy,34.19,116.32
28.60591883041842,77.11971558253462,28.547552072201636,76.94708526251601,car,08:45,Saturday,rainy,18.09,56.25
28.77195212704032,77.2715654616238,28.489801775068987,76.95813709933222,bike,09:45,Sunday,rainy,43.79,96.01
28.416697177537444,77.23440029035508,28.576251551830442,76.86514854176718,scooter,08:15,Sunday,clear,40.25,83.15
28.838478705275097,76.90355345073365,28.644937929224962,77.1146834454083,car,13:45,Tuesday,clear,29.76,72.59
28.578016517913166,77.2826103835533,28.538046251525586,77.30295680958216,scooter,21:30,Monday,clear,4.86,10.29
28.44014544187307,76.9567811086468,28.70544089368558,77.13599377272973,bike,21:45,Wednesday,foggy,34.23,84.05
28.527657810010755,77.10989886566634,28.680924678946575,77.2406433613995,car,09:00,Sunday,clear,21.26,50.84
28.815848036165086,77.16986064820443,28.453274568860806,76.93754281428335,bike,21:00,Tuesday,clear,46.16,80.26
28.478056892048528,77.09482009552929,28.591792343580064,77.26211083453057,scooter,19:30,Monday,foggy,20.66,57.8
28.874459611237207,77.27212324995612,28.708683174881372,76.93376483513342,scooter,15:15,Tuesday,rainy,37.8,95.35
28.84883861967766,77.01982736637068,28.859402719419258,76.87302750852511,bike,18:00,Tuesday,rainy,14.37,33.81
28.599190060943016,77.27154362958275,28.746776163537767,77.29268505567765,car,15:00,Saturday,foggy,16.49,58.06
28.79646837056392,77.26909631748514,28.492706186692242,76.97303190253078,car,22:30,Friday,rainy,44.4,136.51
28.73381466156859,77.15234436149066,28.820494765811695,77.20171339218649,bike,20:45,Monday,foggy,10.75,26.46
28.547413112665662,76.95164161112564,28.535137253076797,77.24508465139937,scooter,18:15,Saturday,foggy,28.75,82.79
28.481285753467322,76.93275312000563,28.53472129096353,77.14965404326036,scooter,13:45,Monday,clear,22.04,46.33
28.62750294104618,76.98904428786936,28.415343939477943,77.33728769120185,bike,20:15,Sunday,clear,41.41,74.49
28.693164254648995,77.06695324241132,28.64904355597438,76.84021876472981,car,10:30,Friday,foggy,22.7,76.76
28.598059240798793,76.92004360971613,28.835664388269997,76.86064836248373,car,17:30,Saturday,foggy,26.97,91.37
28.76729036218491,76.96981140841594,28.85362073731718,77.22625145015022,car,06:45,Monday,clear,26.8,66.16
28.794037138908507,77.09596354956827,28.669774028996063,77.02094595101282,bike,09:00,Tuesday,clear,15.6,27.83
28.724457772195784,77.32457059706542,28.41077796550339,76.91318636186175,bike,17:00,Monday,rainy,53.19,114.59
28.770985826275485,76.89771401217746,28.488446838755035,76.86477947501845,car,06:45,Tuesday,rainy,31.48,95.39
28.805198189602585,77.05135010908013,28.51349580980131,77.12075823506576,scooter,08:45,Monday,rainy,33.03,84.81
28.50466318356923,77.02956141332311,28.84460646307312,77.21683620526483,scooter,09:15,Tuesday,foggy,41.89,118.68
28.825715033228647,77.28312616051535,28.765949481455532,77.11368315197616,bike,20:00,Thursday,rainy,17.82,39.61
28.532993696198233,77.13476878561289,28.86746665546172,77.17859515829095,bike,21:00,Friday,clear,37.32,64.84
28.643934207889764,77.3135435493983,28.815849061138508,77.26706585769088,car,22:15,Tuesday,rainy,19.59,60.49
28.6189765612741,77.21044588702225,28.44605683273153,77.17688130725695,car,16:15,Thursday,rainy,19.44,59.98
28.87240818828517,77.18877371697099,28.769220184776678,77.18583374497683,scooter,21:30,Thursday,rainy,11.44,30.83
28.66459200192404,76.86368404422551,28.660564389654326,77.11201188127552,bike,14:00,Wednesday,foggy,24.28,60.26
28.623716645495723,76.92758812787281,28.785006794634977,76.94839079825879,bike,06:30,Monday,rainy,17.99,41.49
28.505603842133226,77.10716586651485,28.718903792352236,76.9126638371949,scooter,22:15,Thursday,rainy,30.34,80.29
28.860829980860267,76.93643224816455,28.497245389250796,77.32389645271581,car,11:30,Wednesday,clear,55.3,135.93
28.733875549316632,77.20844251587194,28.679484102516913,77.32667608307275,bike,09:00,Monday,clear,13.03,24.16
28.65767087885039,77.09272466069534,28.72692897112609,77.28251562727043,scooter,08:15,Thursday,clear,20.07,42.85
28.486844932246623,77.05199931434147,28.838967336318163,77.20614571138873,car,16:00,Friday,rainy,41.83,127.61
28.53627704405175,76.86470515531236,28.507869739161613,77.03019183493775,scooter,15:00,Sunday,rainy,16.5,41.42
28.7814377766489,77.08508087957705,28.753975926758443,77.29113581454389,bike,20:45,Thursday,clear,20.35,36.85
28.40145352270671,77.33419116255554,28.64177892677366,77.04277992231191,scooter,15:00,Monday,foggy,39.03,109.97
28.743092786261006,77.24359684739923,28.547051158831845,76.86460843383196,bike,07:45,Sunday,foggy,42.95,104.76
28.658163047244326,77.30208508381486,28.667570283925304,77.0131836602329,scooter,12:00,Saturday,foggy,28.26,81.06
28.767720512952852,77.1022398867799,28.745322367211944,77.24315554864617,scooter,13:45,Friday,foggy,13.98,40.03
28.743103175308487,76.97064424173048,28.78764516514346,77.22028593733569,scooter,16:15,Saturday,clear,24.87,51.65
28.786475019001628,77.27461600245732,28.488832313430684,77.32972173202836,bike,12:45,Wednesday,rainy,33.42,73.37
28.56250320392296,77.26749273559072,28.6747563452627,77.009672104426,scooter,08:15,Wednesday,rainy,28.12,73.72
28.80930257493514,77.07696455307335,28.646968758993378,76.86477641679762,scooter,10:15,Friday,foggy,27.45,77.5
28.724783901526273,76.94876114175844,28.53821772278723,77.14110735255937,scooter,14:45,Thursday,foggy,27.95,80.21
28.524089890910478,77.27784860175605,28.601997102342093,76.86420523553969,car,18:00,Sunday,foggy,41.38,141.13
28.520528202663396,77.20750594458924,28.792155735450073,77.12364934139929,bike,12:45,Thursday,foggy,31.2,77.65
28.633437599580915,76.98242872516226,28.459271851001194,77.27565564868938,scooter,07:00,Saturday,foggy,34.58,97.59
28.830843160022994,77.28251582157094,28.832153739981415,77.31142411782754,car,12:00,Friday,clear,2.83,9.14
28.824367764782163,77.18590785344446,28.508135923567504,77.17488247858859,bike,10:15,Saturday,rainy,35.06,78.76
28.834293037722603,76.86447522838414,28.410803592349875,77.03933225343262,scooter,18:00,Thursday,foggy,49.95,142.15
28.708140828069173,76.87587098260516,28.57123902998553,77.25375742949296,car,11:00,Monday,clear,39.94,97.67
28.877801086494124,77.11793708325031,28.873622258819612,77.21075105674258,bike,06:45,Friday,clear,9.07,17.65
28.740554700699928,77.27100353934489,28.813229390904265,77.26282508069268,bike,19:00,Thursday,foggy,8.09,20.49
28.431861425727213,77.19825985191912,28.414260221330633,77.05491672848756,bike,10:00,Sunday,foggy,14.18,36.43
28.502836736065518,76.99804575574552,28.67244392373094,77.19014890937852,car,17:00,Saturday,foggy,26.58,90.57
28.603947440082877,77.2533357951082,28.493107433665138,77.00842024335905,car,06:30,Tuesday,clear,26.93,65.81
28.584486725839085,77.092783630138,28.46297692223759,76.96836835291151,car,18:30,Wednesday,foggy,18.16,62.39
28.76242164996273,77.07512877429866,28.452383229793828,76.84242541837294,scooter,10:15,Wednesday,rainy,41.22,106.07
28.55000898145832,76.9027784121874,28.457354888513017,77.09817797910351,scooter,10:00,Thursday,foggy,21.71,62.22
28.644149480315445,77.0991621303016,28.525846620838028,77.0466881985882,bike,17:45,Friday,clear,14.08,27.38
28.697711350936007,76.96551969591266,28.536893973577957,76.851321641205,scooter,07:15,Monday,clear,21.03,43.0
28.795174423883495,77.14154816089075,28.48474770256791,76.98675413252776,car,21:00,Sunday,clear,37.59,92.3
28.50333958597782,77.0071050785503,28.51448823422604,77.10702749939335,car,18:15,Saturday,foggy,9.86,35.5
28.744501474721364,77.09863236446202,28.64940685393038,76.85326638373672,bike,18:45,Sunday,clear,26.19,47.44
28.446464259396198,77.18182123423979,28.400159922136755,76.95120937898248,car,14:30,Saturday,rainy,23.17,73.22
28.445931616990503,77.24767202468553,28.778831837285754,77.32249903938066,bike,09:30,Wednesday,rainy,37.61,81.04
28.52630317447307,76.86375213922881,28.498520989178076,77.07963629889794,scooter,11:00,Wednesday,foggy,21.36,62.43
28.72646126667827,77.22961049365932,28.805781835039053,77.32573162922083,bike,16:30,Monday,clear,12.86,23.37
28.736444244650425,77.1801903299585,28.525237909655218,77.03032716915584,scooter,10:45,Tuesday,foggy,27.62,80.97
28.460673860461554,77.13663578422911,28.45700031844591,77.05397484324028,bike,14:00,Sunday,clear,8.11,17.11
28.560557239646087,76.93399682625406,28.82711658052548,77.31634471819753,scooter,09:45,Sunday,foggy,47.63,137.58
28.799235158873632,77.11424183554917,28.878577130840615,77.19284761117565,scooter,14:30,Tuesday,clear,11.67,25.5
28.503416273801548,77.08765170370366,28.479504435184133,76.93448290379082,bike,14:30,Tuesday,rainy,15.23,35.59
28.607201937111046,77.15446920097601,28.628893088453772,77.30570659545272,bike,11:30,Tuesday,clear,14.98,28.41
28.72689989803378,77.23269200726524,28.670093290650815,76.93731593962434,car,16:30,Tuesday,foggy,29.54,101.55
28.578753055160334,77.12693601653179,28.5498093405585,76.94689793969957,bike,16:15,Wednesday,foggy,17.91,44.77
28.644032692384975,77.1398734199994,28.59753904161219,77.13540986258035,bike,20:00,Saturday,rainy,5.17,12.19
28.605048039086054,77.13664844130615,28.64979768037118,77.16516978982061,scooter,22:45,Friday,rainy,5.69,15.99
28.746009119971994,76.98308536804085,28.699160974120296,77.27407271850163,scooter,12:30,Wednesday,foggy,28.9,81.98
28.581529962592306,77.16621065964476,28.76261948211834,77.2129911241585,car,12:45,Wednesday,rainy,20.58,61.1
28.41713366521025,77.06827964059212,28.63608794500311,77.1144185343877,scooter,21:45,Saturday,foggy,24.68,73.01
28.484680008883945,77.16712675875992,28.804733193840917,77.19827076249734,bike,16:00,Wednesday,rainy,35.6,78.22
28.845448593374257,76.97924456228282,28.800711655525756,77.30985052904833,bike,20:15,Friday,clear,32.65,57.77
28.743414761098606,76.89342240455272,28.703092722263683,77.20810236188503,car,19:00,Thursday,clear,31.07,75.6
28.48756292094293,77.25580795240836,28.84359005334694,77.16799286826834,scooter,06:45,Thursday,rainy,40.38,102.84
28.868113630937597,77.15025157902565,28.454605668715274,76.99907518666143,scooter,11:45,Tuesday,foggy,48.15,136.28
28.866277247674518,77.03393972592775,28.800837204066113,77.26828491284785,scooter,19:45,Wednesday,foggy,23.99,68.93
28.47119753000026,76.91123169383357,28.595136821940514,77.15926055324391,scooter,06:15,Friday,foggy,27.89,79.33
28.54334784341222,77.07507091945541,28.510273311934707,76.92111764770833,bike,09:45,Friday,foggy,15.51,39.1
28.66865711218623,77.05593528484174,28.42242618041508,77.15883493123698,scooter,19:30,Monday,clear,29.09,59.33
28.49183007459445,77.23298635136564,28.646195907864872,77.29160481136101,bike,19:30,Wednesday,clear,18.04,32.82
28.584848666559797,77.20295133270116,28.43609518900113,77.33808340969759,scooter,17:00,Friday,clear,21.14,43.31
28.40856553331888,77.11576171413549,28.531048820120706,77.14429643026733,bike,10:00,Friday,clear,13.86,24.74
28.46201076545887,77.0566048012008,28.609033828907304,76.87683251750623,car,20:15,Friday,foggy,23.98,82.03
28.66794588303073,76.97482572051128,28.836613689620947,76.87126997041945,bike,06:45,Tuesday,clear,21.25,36.86
28.639035632720653,76.9153339514415,28.520051073793024,76.88769588731888,scooter,14:30,Sunday,foggy,13.46,39.28
28.5043752444505,76.92681327642879,28.864513654856236,77.29831661699711,bike,21:00,Sunday,rainy,53.96,115.81
28.567746441874984,77.29672344677942,28.725955732727726,76.86780593319139,scooter,12:30,Tuesday,clear,45.45,92.39
28.870024442289324,76.93339726361872,28.54561840350824,77.29504243270212,bike,14:45,Sunday,foggy,50.41,122.69
28.602844007912715,77.0474218525444,28.61822528491625,77.0360075137814,bike,14:00,Wednesday,clear,2.04,5.51
28.57758756210462,76.95785252280427,28.568585171556386,77.23175561999481,scooter,20:15,Tuesday,foggy,26.82,77.76
28.514817535135606,77.30767196278106,28.597651464242567,77.30460880661909,scooter,18:30,Sunday,rainy,9.19,25.48
28.66231462509894,76.97980261764343,28.854732318940055,76.85418290359573,car,16:00,Friday,rainy,24.6,74.85
28.446465348125937,77.28588807456318,28.434091495484793,77.28517535296614,car,08:30,Friday,rainy,1.37,5.0
28.476751999864472,76.91621837127688,28.87985273768953,76.85864159696307,car,19:45,Friday,rainy,45.03,138.12
28.666744511815388,76.91580678551321,28.518413869799968,76.89616242962026,scooter,12:00,Saturday,foggy,16.55,47.73
28.416689318523407,76.97574038858373,28.53273055174551,77.22131878204763,scooter,07:45,Wednesday,foggy,27.27,79.1
28.41285050767778,77.08606136508075,28.52775401786355,77.27121011244893,car,14:45,Wednesday,foggy,22.16,78.29
28.619183444066135,77.2749946795979,28.71937053400713,77.10316050471134,scooter,21:45,Wednesday,clear,20.13,40.5
28.586415785792333,77.20014969344408,28.768792826501013,76.9695073067503,car,08:45,Wednesday,foggy,30.28,104.22
28.70161494164498,77.2380313557722,28.736598543960305,77.06963409147703,bike,06:15,Monday,clear,16.9,30.17
28.840655783685694,77.1576136422934,28.6138360676992,77.03127040056798,scooter,09:15,Monday,clear,28.01,58.31
28.8003370081269,77.0297885644845,28.73981493258298,76.9175904526651,car,06:15,Tuesday,rainy,12.85,40.88
28.494481345184468,77.14116184872573,28.54226207028248,76.99315495769076,bike,15:00,Wednesday,rainy,15.43,35.88
28.41770056912078,77.06339295005489,28.639265453652907,77.11223775698572,car,12:00,Friday,foggy,25.02,86.34
28.53720381394242,77.07464744315938,28.848824483397586,77.30433994225235,scooter,18:45,Saturday,foggy,41.19,117.99
28.7207907178891,76.98021706887786,28.692217275942188,77.07792173029263,car,22:45,Thursday,foggy,10.06,36.96
28.413419941399816,76.8932958378889,28.48361158956065,76.97591224109664,bike,22:45,Monday,clear,11.23,20.12
28.637040921582734,77.0542669024919,28.429469887311996,77.31189568634848,scooter,17:15,Sunday,clear,34.13,70.1
28.403759010858188,77.33469476076387,28.684163800766072,76.85662954809666,car,11:15,Friday,clear,56.17,138.22
28.855625405632306,77.1428128935828,28.785859029586067,77.07033973490097,scooter,07:15,Monday,clear,10.48,22.5
28.62748529578481,76.9584798223815,28.63108171384392,76.90002501914663,car,12:45,Sunday,foggy,5.73,20.57
28.611701081033335,77.17841059846802,28.493299489498668,77.31743109236518,bike,08:15,Sunday,foggy,18.9,48.03
28.83478881195756,77.23511871289162,28.43577473684758,77.15461064321832,scooter,10:45,Wednesday,rainy,44.92,112.18
28.61897347303183,77.29444618936671,28.794393359043458,77.26560942197182,bike,13:00,Wednesday,clear,19.65,37.78
28.838269861429172,76.91319585398617,28.725118847159855,77.17049855061246,bike,21:00,Saturday,clear,28.08,52.94
28.72065626403584,77.10403320190008,28.582810808479625,77.0803941131895,bike,14:15,Friday,rainy,15.45,34.59
28.78313424204261,76.88804916382367,28.841752985059713,77.07553642353125,bike,08:15,Monday,rainy,19.42,43.66
28.72699509741374,77.19588915172773,28.404505704928024,76.95243554873431,car,13:45,Thursday,clear,42.95,105.3
28.864477749432346,77.2278955087122,28.604936216774917,77.04518897475211,bike,07:15,Sunday,rainy,33.85,73.65
28.62248179654489,77.28427563409986,28.853872380934355,77.21501241596226,bike,07:45,Monday,clear,26.52,48.11
28.693128569778445,76.95543028463175,28.863230236149857,77.23506258345206,bike,13:15,Thursday,rainy,33.18,74.45
28.638918838824235,76.87112084892516,28.56818188122904,76.90606308119327,car,15:00,Wednesday,clear,8.55,22.73
28.681297332590255,77.12108719260083,28.720407894169924,77.32098597606252,car,06:45,Sunday,rainy,20.01,61.49
28.544438532012915,77.24865925308872,28.82572649013891,76.97642751841256,bike,08:00,Thursday,foggy,40.99,99.3
28.45907995531174,77.02176322009957,28.555404234780404,77.04748258324615,bike,08:30,Thursday,clear,10.97,20.07
28.662983859448584,77.22338640979518,28.776119507437294,77.12079852798513,scooter,12:45,Saturday,clear,16.05,33.53
28.73021133814661,76.93218169301099,28.54845066092592,76.92853486890692,car,12:30,Saturday,clear,20.15,51.36
28.688377857228716,77.02577622586327,28.45527897798684,76.89246418499252,bike,18:30,Tuesday,clear,28.94,51.43
28.76683191368736,77.31349243405204,28.749827088014623,76.86873549427702,scooter,22:45,Wednesday,foggy,43.48,124.15
28.876165325664576,76.85806301026965,28.560447793056777,77.06804970465369,scooter,20:30,Friday,clear,40.56,83.32
28.48555505049437,77.26939169628803,28.85543235493082,77.13318077652413,scooter,13:15,Monday,clear,43.1,87.62
28.563606696616247,77.08086618101183,28.73612542939173,77.00827106755926,bike,17:45,Sunday,rainy,20.39,45.14
28.790331047225678,77.2472335484064,28.72544138456016,77.07267437713142,bike,21:15,Tuesday,foggy,18.5,46.72
28.405635459088604,77.083132892425,28.61628135232806,77.30658175379496,scooter,10:30,Tuesday,foggy,31.99,92.05
28.472260363683475,76.997200167139,28.43838562702783,77.06648597512867,car,09:15,Friday,clear,7.76,20.62
28.403929120637386,76.87949963809041,28.423499984086007,77.24105362962759,bike,20:30,Thursday,clear,35.49,65.33
28.55426605746826,77.26380768569915,28.635290519976675,76.99138990641417,scooter,19:15,Friday,clear,28.12,57.79
28.721516576707234,77.29814517665552,28.445734079983584,76.92243645738479,scooter,16:15,Saturday,rainy,47.8,122.16
28.700503555170776,77.22330631179385,28.41760798017518,77.14596057500606,bike,08:15,Thursday,foggy,32.25,78.79
28.514939538842135,77.12724979091705,28.75599137957425,77.20044794638177,scooter,19:15,Sunday,foggy,27.66,78.0
28.843072938702026,77.32022134324875,28.778472377939096,77.29000209014319,car,12:30,Saturday,rainy,7.74,25.57
28.505238498004253,76.8820916064809,28.470058664423505,77.30156028931839,scooter,10:15,Monday,rainy,41.26,105.7
28.760546965798028,77.13354444247085,28.580219475592706,76.99307456388313,bike,09:15,Monday,rainy,24.25,55.98
28.52333907920397,77.0090351187098,28.87327206145704,76.86349069663709,bike,09:15,Wednesday,foggy,41.31,100.31
28.67462581066804,77.24059689430213,28.787099891087315,76.94962942827743,bike,14:45,Monday,rainy,31.04,70.5
28.652347489162025,76.94039133729687,28.761633778445006,77.02830875781414,scooter,08:30,Tuesday,rainy,14.85,38.78
28.76593183963292,77.06910800496209,28.481235783824488,77.25947005369059,car,12:00,Tuesday,clear,36.63,89.59
28.44502273413036,76.90381673525032,28.529441270563282,77.29994370346893,car,20:00,Sunday,clear,39.9,97.62
28.819515740306926,77.07095913382534,28.72490078753357,77.20025186565523,car,18:00,Saturday,clear,16.41,40.88
28.862664160803917,76.93317728254951,28.598578267432348,77.2555652192398,car,15:15,Monday,foggy,42.99,145.75
28.85635326134563,77.25723650926005,28.466393563969934,77.18189460193523,bike,17:45,Thursday,clear,43.84,76.33
28.6271013071611,77.18240844189063,28.82486703597353,77.12673918959214,scooter,15:30,Tuesday,rainy,22.58,58.32
28.603690006661946,77.14162695417264,28.738640070647346,77.14278150262844,bike,22:45,Saturday,clear,14.96,27.38
28.69269877520934,77.25657409281517,28.75927384783629,76.95489579399278,scooter,18:30,Monday,clear,30.38,62.76
28.426275785907336,77.10612801091239,28.82335012367925,77.0383160070602,bike,08:15,Monday,rainy,44.5,95.81
28.55806621365854,77.21810472116134,28.728322579951204,76.85354345276497,scooter,07:00,Thursday,foggy,40.33,115.2
28.54815162771218,76.93452857508261,28.698020114123167,77.11982102001332,bike,17:45,Tuesday,rainy,24.58,54.03
28.704306553538775,76.89996627348609,28.76207772096336,77.08070945004161,car,08:30,Saturday,rainy,18.78,56.02
28.46980676484994,77.2228015408668,28.718764411258565,77.19914710410538,car,09:45,Sunday,foggy,27.69,93.96
28.484260646886135,77.18985717966972,28.753165926846716,77.20582930260026,car,15:45,Saturday,rainy,29.84,91.79
28.68461299712505,76.98675747497809,28.609898791001548,77.08554927326131,car,07:15,Friday,clear,12.72,32.08
28.49010012728677,77.20186620190722,28.651280950996377,77.2616779014307,scooter,17:15,Sunday,clear,18.8,39.02
28.722508347702377,77.12893927998222,28.792351442259502,76.94696410340762,car,06:45,Friday,foggy,19.39,66.0
28.879091204024988,77.12793650964215,28.668778249897503,77.31228018311477,scooter,10:15,Friday,foggy,29.45,84.53
28.690178822598615,76.90198978754157,28.87280969550722,77.15799494383272,bike,19:15,Thursday,rainy,32.16,71.35
28.517042280044933,77.06127846301563,28.869880095986833,76.9468146212584,bike,10:00,Sunday,clear,40.67,72.03
28.42627471956238,77.1876286490231,28.87583736627726,77.13048189164881,car,12:30,Sunday,clear,50.14,121.38
28.665875242102526,76.89907117447086,28.520068406739746,77.14879511089838,bike,12:45,Monday,foggy,29.29,71.4
28.70370323811291,77.25476275122075,28.711888276230106,77.16066406151559,car,17:15,Monday,foggy,9.24,30.99
28.734177234272785,76.91334935672593,28.463937934177206,77.32588797097843,scooter,21:30,Monday,clear,50.25,101.62
28.817530138585504,76.88425103725979,28.630219874446663,77.27954366117282,car,22:30,Saturday,rainy,43.84,134.69
28.51825361685085,76.8554517321214,28.73204760988987,76.92688121520925,scooter,19:45,Saturday,foggy,24.7,71.04
28.667234432554018,77.23654978051995,28.44274769129356,77.24832184222113,bike,10:30,Monday,rainy,24.91,56.52
28.6377786890541,76.94056627387239,28.590775866565195,77.09749354688734,car,20:00,Thursday,rainy,16.21,48.4
28.44943081401526,77.307037329907,28.442798757348136,77.0306224317661,car,15:15,Saturday,clear,27.09,66.48
28.546384090892683,77.30712452364538,28.680986222684915,77.1677981413187,car,17:30,Saturday,clear,20.2,51.51
28.440940056674435,76.85694086850667,28.805161694875032,76.8967718477217,scooter,11:15,Sunday,foggy,40.55,115.25
28.632750752041247,77.18096725896336,28.610633582076417,77.30309979264042,bike,16:00,Monday,clear,12.19,22.19
28.753185259090863,77.07986620635869,28.472030662345286,76.93869046907912,car,12:15,Monday,clear,34.08,85.49
28.555530368837047,77.22189964644186,28.519154583192677,76.94384159089242,scooter,11:30,Wednesday,rainy,27.51,70.77
28.7424133356225,76.99233470325176,28.651101989129177,76.97802688577897,scooter,18:45,Saturday,rainy,10.22,26.01
28.832008009698697,76.86731715642765,28.819417770466103,77.03724469431464,scooter,11:00,Wednesday,rainy,16.64,44.97
28.70942636682126,77.14418041000368,28.766048346706828,77.00526483509442,bike,21:45,Sunday,foggy,14.95,38.91
28.45086243438407,77.2036530827409,28.597228313178036,77.03610243141553,bike,10:00,Thursday,clear,23.07,42.29
28.431697753821034,76.91779194795402,28.560559217769807,77.24757902931518,scooter,17:30,Thursday,rainy,35.31,89.56
28.871390404938854,77.30049945948417,28.6050362589613,77.07174286030589,bike,06:30,Wednesday,foggy,37.02,89.5
28.666313732344246,77.28425701036187,28.746800434779768,76.86008565998004,bike,20:45,Monday,clear,42.4,74.66
28.563989166062115,77.27494241483534,28.68870563904324,76.94773957175818,bike,15:15,Friday,rainy,34.85,76.5
28.419916189327886,77.29286188716415,28.83744004347474,77.24562315679137,bike,19:15,Sunday,clear,46.5,82.61
28.525129470947203,76.89852985636361,28.451871853021128,76.86761164818803,scooter,17:00,Friday,rainy,8.66,23.61
28.614031933496186,77.25413832914214,28.696098004441012,77.10883374636039,bike,12:15,Monday,clear,16.87,29.95
28.626739428289902,76.96504781004559,28.444840145226685,76.85451363652194,car,21:15,Friday,rainy,22.88,71.48
28.82661913385043,76.88220141268458,28.798442308870097,77.19586324949292,scooter,21:30,Thursday,rainy,30.78,79.32
28.541770671685637,77.28226433797477,28.771007572693254,77.16757837855629,bike,17:30,Sunday,rainy,27.77,62.64
28.51935484584598,77.03488326437484,28.698140770652646,76.95362008156647,car,22:00,Friday,foggy,21.35,72.81
28.48789109647167,77.15941334123785,28.52228384048459,77.31087021645253,scooter,07:15,Saturday,clear,15.31,33.97
28.55300891019684,76.9499951147551,28.52245759519542,77.1414296087652,bike,15:30,Sunday,clear,19.04,35.72
28.643609367612875,77.04763893687289,28.853333828918174,77.07964300831722,scooter,19:00,Monday,clear,23.45,49.98
28.53960864146339,77.11214709671759,28.54002728302205,76.85715017115052,scooter,20:00,Friday,rainy,24.96,65.89
28.47115225100506,77.12571283305397,28.46950571590299,77.28616879148007,scooter,12:00,Monday,foggy,15.71,46.4
28.79400916221153,77.33948329957539,28.62613901017473,77.23125658894939,bike,16:00,Tuesday,foggy,21.4,53.51
28.57123006206368,76.9118738863031,28.547356335728885,77.1418867304714,scooter,09:15,Thursday,foggy,22.66,64.4
28.676400561061243,76.85295470275307,28.56472709261546,77.09319456333262,scooter,09:30,Thursday,foggy,26.55,75.77
28.782153155998984,77.05796271476385,28.494516180450677,77.06249372593692,scooter,20:45,Sunday,clear,31.88,64.89
28.81548565631387,77.3015451524762,28.849240219834634,77.29857088557021,car,16:00,Wednesday,clear,3.75,10.77
28.58701064685037,77.1638479184057,28.841198153215796,77.10948635845205,scooter,19:30,Thursday,rainy,28.67,71.16
28.51019887827036,77.0126197866125,28.864872774404894,77.18761589700078,bike,20:30,Friday,clear,42.87,74.33
28.406636946510254,77.07464233344221,28.76454673681431,76.84571950759351,bike,17:15,Tuesday,clear,45.55,80.24
28.76859507582194,77.19815182910618,28.60412474610268,77.00427220106704,car,06:00,Sunday,clear,26.29,64.78
28.621249686309838,77.32519134166128,28.757567840331212,77.26376720122269,car,07:15,Friday,clear,16.26,41.6
28.56750118544429,77.05127999891553,28.839564988802113,77.19001719815633,scooter,10:45,Thursday,rainy,33.06,83.03
28.478694773821406,77.20811555609978,28.605032066995722,77.10971464038943,scooter,11:30,Friday,rainy,16.99,44.56
28.729764804002254,77.128428296613,28.46843573117979,77.18635430001098,car,16:30,Friday,clear,29.51,75.15
28.48341423158082,76.85237692873883,28.813115145003717,77.27438387772547,car,22:00,Tuesday,clear,55.11,134.65
28.72558806664216,76.90828549788014,28.66887842626403,77.2063823311583,bike,21:45,Wednesday,rainy,29.8,65.95
28.786395064349957,76.91007446907112,28.537417123881845,77.25770682980917,car,20:15,Saturday,rainy,43.78,132.4
28.608061095052584,77.01259562481583,28.47405070089645,76.99451360540607,car,11:30,Saturday,clear,14.96,37.1
28.86656549961022,77.14822732276183,28.55786210335028,76.85670669852784,car,14:30,Tuesday,rainy,44.52,134.6
28.4576246851762,77.15797982683262,28.67434671611716,77.26156593922947,car,12:45,Wednesday,rainy,26.07,78.62
28.457550226236407,77.22025378578057,28.425271844308973,77.04654375289574,car,20:00,Thursday,foggy,17.39,60.44
28.587348361223412,77.18601568331803,28.64052576092393,77.17279813606122,bike,06:45,Saturday,rainy,6.03,14.67
28.718697093097585,76.8756377775868,28.62380672897619,77.31706520138923,bike,22:30,Friday,clear,44.41,78.54
28.564062868408747,77.30077675900324,28.745209904122262,77.32403161088561,car,07:45,Thursday,clear,20.2,51.34
28.480888285129595,77.13559027586199,28.817443948810993,76.91586694812064,car,09:45,Friday,clear,43.04,106.09
28.80164758273591,77.32604788881028,28.484785183204202,77.25318856730661,scooter,20:15,Wednesday,foggy,35.83,100.31
28.40670319333601,76.95226869074497,28.43760510172793,76.87178746332432,scooter,16:15,Tuesday,clear,8.6,18.73
28.627847107117834,77.32616269284105,28.693968201692442,76.9379696974832,scooter,08:00,Monday,foggy,38.65,109.64
28.438177150083124,77.21872175600274,28.72029145011977,76.98691340603224,scooter,15:15,Monday,foggy,38.62,107.65
28.447386627232046,77.28491265668663,28.741462024839777,77.2424725591058,car,08:00,Saturday,clear,32.86,79.61
28.457250509770986,77.02631458948437,28.56048256911763,77.06055817767484,car,07:00,Thursday,rainy,11.92,38.54
28.83947110536383,76.84166719149225,28.84917411698232,77.16617665193253,scooter,21:30,Thursday,rainy,31.69,82.34
